{
	"pattrstorage" : 	{
		"name" : "my_regress_out_preset",
		"slots" : 		{
			"1" : 			{
				"id" : 1,
				"data" : 				{
					"multislider[4]" : [ 0.757728278636932, 0.138691917061806, 0.995098114013672 ],
					"number[1]" : [ 3 ]
				}

			}
,
			"2" : 			{
				"id" : 2,
				"data" : 				{
					"multislider[4]" : [ 0.099725224077702, 0.081873156130314, 0.042198333889246 ],
					"number[1]" : [ 3 ]
				}

			}
,
			"3" : 			{
				"id" : 3,
				"data" : 				{
					"multislider[4]" : [ 0.03570769354701, 0.139221370220184, 0.893679976463318 ],
					"number[1]" : [ 3 ]
				}

			}
,
			"4" : 			{
				"id" : 4,
				"data" : 				{
					"multislider[4]" : [ 0.928605496883392, 0.072335116565228, 0.736304700374603 ],
					"number[1]" : [ 3 ]
				}

			}

		}

	}

}
