{
	"pattrstorage" : 	{
		"name" : "my_regress_in_preset",
		"slots" : 		{
			"1" : 			{
				"id" : 1,
				"data" : 				{
					"multislider[3]" : [ -0.548098564147949, 0.005686767399311, -0.422508090734482, 0.906335711479187, 0.7843177318573 ],
					"number[2]" : [ 5 ]
				}

			}
,
			"2" : 			{
				"id" : 2,
				"data" : 				{
					"multislider[3]" : [ 0.028430692851543, -0.16535285115242, 0.914684176445007, -0.903125405311584, -0.828936755657196 ],
					"number[2]" : [ 5 ]
				}

			}
,
			"3" : 			{
				"id" : 3,
				"data" : 				{
					"multislider[3]" : [ 0.684478640556335, 0.008361400105059, -0.50999516248703, 0.346420019865036, 0.0 ],
					"number[2]" : [ 5 ]
				}

			}
,
			"4" : 			{
				"id" : 4,
				"data" : 				{
					"multislider[3]" : [ -1.0, -1.0, -1.0, -1.0, -1.0 ],
					"number[2]" : [ 5 ]
				}

			}

		}

	}

}
