{
	"pattrstorage" : 	{
		"name" : "my_synth_in_preset",
		"slots" : 		{
			"1" : 			{
				"id" : 1,
				"data" : 				{
					"multislider[3]" : [ 0.687819063663483, -0.272259026765823, 0.142699375748634, 0.348307579755783, 0.005519161000848 ],
					"number[2]" : [ 5 ]
				}

			}
,
			"2" : 			{
				"id" : 2,
				"data" : 				{
					"multislider[3]" : [ 0.760531187057495, 0.247173771262169, 0.249489441514015, -0.830852806568146, -0.142649084329605 ],
					"number[2]" : [ 5 ]
				}

			}
,
			"3" : 			{
				"id" : 3,
				"data" : 				{
					"multislider[3]" : [ -0.642452418804169, 0.302575618028641, -0.611514985561371, 0.267609417438507, -0.288730323314667 ],
					"number[2]" : [ 5 ]
				}

			}
,
			"4" : 			{
				"id" : 4,
				"data" : 				{
					"multislider[3]" : [ -0.094127148389816, 0.005008449777961, 0.177007630467415, 0.967254459857941, 0.64600396156311 ],
					"number[2]" : [ 5 ]
				}

			}

		}

	}

}
