{
	"pattrstorage" : 	{
		"name" : "my_synth_out_preset",
		"slots" : 		{
			"1" : 			{
				"id" : 1,
				"data" : 				{
					"multislider[4]" : [ 0.072721466422081, 0.229686722159386, 0.344788074493408 ],
					"number[1]" : [ 3 ]
				}

			}
,
			"2" : 			{
				"id" : 2,
				"data" : 				{
					"multislider[4]" : [ 0.243955031037331, 0.152122467756271, 0.72224634885788 ],
					"number[1]" : [ 3 ]
				}

			}
,
			"3" : 			{
				"id" : 3,
				"data" : 				{
					"multislider[4]" : [ 0.143755108118057, 0.092032827436924, 0.79573929309845 ],
					"number[1]" : [ 3 ]
				}

			}
,
			"4" : 			{
				"id" : 4,
				"data" : 				{
					"multislider[4]" : [ 0.408503800630569, 0.723223865032196, 0.223544389009476 ],
					"number[1]" : [ 3 ]
				}

			}

		}

	}

}
