{
	"training_example_1" : 	{
		"output" : [ 1.0, 0.486137241125107, 0.322675704956055 ],
		"input" : [ 1.0, 0.084905661642551, 0.066037736833096, 0.009433962404728, -0.103773586452007, -1.0 ]
	}
,
	"training_example_2" : 	{
		"output" : [ 1.0, 0.486137241125107, 0.322675704956055 ],
		"input" : [ 1.0, 0.084905661642551, 0.066037736833096, 0.009433962404728, -0.103773586452007, -1.0 ]
	}
,
	"training_example_3" : 	{
		"output" : [ 1.0, 0.486137241125107, 0.322675704956055 ],
		"input" : [ 1.0, 0.084905661642551, 0.066037736833096, 0.009433962404728, -0.103773586452007, -1.0 ]
	}
,
	"training_example_4" : 	{
		"output" : [ 1.0, 0.486137241125107, 0.322675704956055 ],
		"input" : [ 1.0, 0.084905661642551, 0.066037736833096, 0.009433962404728, -0.103773586452007, -1.0 ]
	}
,
	"training_example_5" : 	{
		"output" : [ 1.0, 0.486137241125107, 0.322675704956055 ],
		"input" : [ 1.0, 0.084905661642551, 0.066037736833096, 0.009433962404728, -0.103773586452007, -1.0 ]
	}
,
	"training_example_6" : 	{
		"output" : [ 1.0, 0.486137241125107, 0.322675704956055 ],
		"input" : [ 1.0, 0.084905661642551, 0.066037736833096, 0.009433962404728, -0.103773586452007, -1.0 ]
	}
,
	"training_example_7" : 	{
		"output" : [ 1.0, 0.486137241125107, 0.322675704956055 ],
		"input" : [ 1.0, 0.084905661642551, 0.066037736833096, 0.009433962404728, -0.103773586452007, -1.0 ]
	}
,
	"training_example_8" : 	{
		"output" : [ 1.0, 0.486137241125107, 0.322675704956055 ],
		"input" : [ 1.0, 0.084905661642551, 0.066037736833096, 0.009433962404728, -0.103773586452007, -1.0 ]
	}
,
	"training_example_9" : 	{
		"output" : [ 1.0, 0.486137241125107, 0.322675704956055 ],
		"input" : [ 1.0, 0.084905661642551, 0.066037736833096, 0.009433962404728, -0.103773586452007, -1.0 ]
	}
,
	"training_example_10" : 	{
		"output" : [ 1.0, 0.486137241125107, 0.322675704956055 ],
		"input" : [ 1.0, 0.084905661642551, 0.066037736833096, 0.009433962404728, -0.103773586452007, -1.0 ]
	}
,
	"training_example_11" : 	{
		"output" : [ 1.0, 0.486137241125107, 0.322675704956055 ],
		"input" : [ 1.0, 0.084905661642551, 0.066037736833096, 0.009433962404728, -0.103773586452007, -1.0 ]
	}
,
	"training_example_12" : 	{
		"output" : [ 1.0, 0.486137241125107, 0.322675704956055 ],
		"input" : [ 1.0, 0.084905661642551, 0.066037736833096, 0.009433962404728, -0.103773586452007, -1.0 ]
	}
,
	"training_example_13" : 	{
		"output" : [ 1.0, 0.486137241125107, 0.322675704956055 ],
		"input" : [ 1.0, 0.084905661642551, 0.066037736833096, 0.009433962404728, -0.103773586452007, -1.0 ]
	}
,
	"training_example_14" : 	{
		"output" : [ 1.0, 0.486137241125107, 0.322675704956055 ],
		"input" : [ 1.0, 0.084905661642551, 0.066037736833096, 0.009433962404728, -0.103773586452007, -1.0 ]
	}
,
	"training_example_15" : 	{
		"output" : [ 1.0, 0.486137241125107, 0.322675704956055 ],
		"input" : [ 1.0, 0.084905661642551, 0.066037736833096, 0.009433962404728, -0.103773586452007, -1.0 ]
	}
,
	"training_example_16" : 	{
		"output" : [ 1.0, 0.486137241125107, 0.322675704956055 ],
		"input" : [ 1.0, 0.084905661642551, 0.066037736833096, 0.009433962404728, -0.103773586452007, -1.0 ]
	}
,
	"training_example_17" : 	{
		"output" : [ 1.0, 0.486137241125107, 0.322675704956055 ],
		"input" : [ 1.0, 0.084905661642551, 0.066037736833096, 0.009433962404728, -0.103773586452007, -1.0 ]
	}
,
	"training_example_18" : 	{
		"output" : [ 1.0, 0.486137241125107, 0.322675704956055 ],
		"input" : [ 1.0, 0.084905661642551, 0.066037736833096, 0.009433962404728, -0.103773586452007, -1.0 ]
	}
,
	"training_example_19" : 	{
		"output" : [ 1.0, 0.486137241125107, 0.322675704956055 ],
		"input" : [ 1.0, 0.084905661642551, 0.066037736833096, 0.009433962404728, -0.103773586452007, -1.0 ]
	}
,
	"training_example_20" : 	{
		"output" : [ 1.0, 0.486137241125107, 0.322675704956055 ],
		"input" : [ 1.0, 0.084905661642551, 0.066037736833096, 0.009433962404728, -0.103773586452007, -1.0 ]
	}
,
	"training_example_21" : 	{
		"output" : [ 0.386565774679184, 0.011173717677593, 0.796673119068146 ],
		"input" : [ -1.0, -1.0, -1.0, -1.0, -1.0, -1.0 ]
	}
,
	"training_example_22" : 	{
		"output" : [ 0.386565774679184, 0.011173717677593, 0.796673119068146 ],
		"input" : [ -1.0, -1.0, -1.0, -1.0, -1.0, -1.0 ]
	}
,
	"training_example_23" : 	{
		"output" : [ 0.386565774679184, 0.011173717677593, 0.796673119068146 ],
		"input" : [ -1.0, -1.0, -1.0, -1.0, -1.0, -1.0 ]
	}
,
	"training_example_24" : 	{
		"output" : [ 0.386565774679184, 0.011173717677593, 0.796673119068146 ],
		"input" : [ -1.0, -1.0, -1.0, -1.0, -1.0, -1.0 ]
	}
,
	"training_example_25" : 	{
		"output" : [ 0.386565774679184, 0.011173717677593, 0.796673119068146 ],
		"input" : [ -1.0, -1.0, -1.0, -1.0, -1.0, -1.0 ]
	}
,
	"training_example_26" : 	{
		"output" : [ 0.386565774679184, 0.011173717677593, 0.796673119068146 ],
		"input" : [ -1.0, -1.0, -1.0, -1.0, -1.0, -1.0 ]
	}
,
	"training_example_27" : 	{
		"output" : [ 0.386565774679184, 0.011173717677593, 0.796673119068146 ],
		"input" : [ -1.0, -1.0, -1.0, -1.0, -1.0, -1.0 ]
	}
,
	"training_example_28" : 	{
		"output" : [ 0.386565774679184, 0.011173717677593, 0.796673119068146 ],
		"input" : [ -1.0, -1.0, -1.0, -1.0, -1.0, -1.0 ]
	}
,
	"training_example_29" : 	{
		"output" : [ 0.386565774679184, 0.011173717677593, 0.796673119068146 ],
		"input" : [ -1.0, -1.0, -1.0, -1.0, -1.0, -1.0 ]
	}
,
	"training_example_30" : 	{
		"output" : [ 0.386565774679184, 0.011173717677593, 0.796673119068146 ],
		"input" : [ -1.0, -1.0, -1.0, -1.0, -1.0, -1.0 ]
	}
,
	"training_example_31" : 	{
		"output" : [ 0.386565774679184, 0.011173717677593, 0.796673119068146 ],
		"input" : [ -1.0, -1.0, -1.0, -1.0, -1.0, -1.0 ]
	}
,
	"training_example_32" : 	{
		"output" : [ 0.386565774679184, 0.011173717677593, 0.796673119068146 ],
		"input" : [ -1.0, -1.0, -1.0, -1.0, -1.0, -1.0 ]
	}
,
	"training_example_33" : 	{
		"output" : [ 0.386565774679184, 0.011173717677593, 0.796673119068146 ],
		"input" : [ -1.0, -1.0, -1.0, -1.0, -1.0, -1.0 ]
	}
,
	"training_example_34" : 	{
		"output" : [ 0.386565774679184, 0.011173717677593, 0.796673119068146 ],
		"input" : [ -1.0, -1.0, -1.0, -1.0, -1.0, -1.0 ]
	}
,
	"training_example_35" : 	{
		"output" : [ 0.386565774679184, 0.011173717677593, 0.796673119068146 ],
		"input" : [ -1.0, -1.0, -1.0, -1.0, -1.0, -1.0 ]
	}
,
	"training_example_36" : 	{
		"output" : [ 0.386565774679184, 0.011173717677593, 0.796673119068146 ],
		"input" : [ -1.0, -1.0, -1.0, -1.0, -1.0, -1.0 ]
	}
,
	"training_example_37" : 	{
		"output" : [ 0.386565774679184, 0.011173717677593, 0.796673119068146 ],
		"input" : [ -1.0, -1.0, -1.0, -1.0, -1.0, -1.0 ]
	}
,
	"training_example_38" : 	{
		"output" : [ 0.386565774679184, 0.011173717677593, 0.796673119068146 ],
		"input" : [ -1.0, -1.0, -1.0, -1.0, -1.0, -1.0 ]
	}
,
	"training_example_39" : 	{
		"output" : [ 0.386565774679184, 0.011173717677593, 0.796673119068146 ],
		"input" : [ -1.0, -1.0, -1.0, -1.0, -1.0, -1.0 ]
	}
,
	"training_example_40" : 	{
		"output" : [ 0.386565774679184, 0.011173717677593, 0.796673119068146 ],
		"input" : [ -1.0, -1.0, -1.0, -1.0, -1.0, -1.0 ]
	}
,
	"training_example_41" : 	{
		"output" : [ 0.684703588485718, 0.813670992851257, 0.367952764034271 ],
		"input" : [ 0.0, 0.0, 0.0, 0.0, 0.0, 0.0 ]
	}
,
	"training_example_42" : 	{
		"output" : [ 0.684703588485718, 0.813670992851257, 0.367952764034271 ],
		"input" : [ 0.0, 0.0, 0.0, 0.0, 0.0, 0.0 ]
	}
,
	"training_example_43" : 	{
		"output" : [ 0.684703588485718, 0.813670992851257, 0.367952764034271 ],
		"input" : [ 0.0, 0.0, 0.0, 0.0, 0.0, 0.0 ]
	}
,
	"training_example_44" : 	{
		"output" : [ 0.684703588485718, 0.813670992851257, 0.367952764034271 ],
		"input" : [ 0.0, 0.0, 0.0, 0.0, 0.0, 0.0 ]
	}
,
	"training_example_45" : 	{
		"output" : [ 0.684703588485718, 0.813670992851257, 0.367952764034271 ],
		"input" : [ 0.0, 0.0, 0.0, 0.0, 0.0, 0.0 ]
	}
,
	"training_example_46" : 	{
		"output" : [ 0.684703588485718, 0.813670992851257, 0.367952764034271 ],
		"input" : [ 0.0, 0.0, 0.0, 0.0, 0.0, 0.0 ]
	}
,